Medidor;Data agendada (data em que deve ocorrer o ensaio);Instalação;TOI;Nota;Observações de agendamento;CSD;Agendamento feito por (usuário que fez o agendamento);Data de agendamento (data que o usuário fez o agendamento)12547037;06/07/2026 11:30;43873251;9169927;40008169927;"Nota 40008169927
TOI 9169927
INSTALAÇÃO 43873251
MEDIDOR 12547037 Leitura 16732  PGBGR40";Taubaté;LAUANE RODRIGUES DO Ó ENGESERV;01/06/2026 10:227513743;15/07/2026 08:40;94169501;9188142;040008188142;"7513743
0094169501
9188142
040008188142";Poá;LAUANE RODRIGUES DO Ó ENGESERV;11/06/2026 10:5611163618;05/08/2026 13:40;35892366;9205787;040008205787;"11163618
0035892366
9205787
040008205787";Poá;LAUANE RODRIGUES DO Ó ENGESERV;02/07/2026 08:5516858884;06/08/2026 09:10;90046382;921134;40008217134;"16858884
90046382
921134
40008217134";Poá;Rosemary Dos Santos Oliveira Engeserv;02/07/2026 09:3417837570;24/08/2026 09:00;75437961;9236740;040008236740;"Abrir agendamento no laboratório
TOI 9236740
Instalação 0075437961
Med. Retirado 17837570 Leit. 27533
Med. Instalado 19448488
Leit. 00000
PCCAR32
040008236740";Litoral;Juliene Da Costa Oliveira EXTERNO;17/07/2026 15:2518293067;25/08/2026 09:40;91736587;9237983;40008237983;"18293067
91736587
9237983
40008237983
";Jacareí;Rosemary Dos Santos Oliveira Engeserv;20/07/2026 12:2712218805;01/09/2026 09:40;36415995;9246272;040008246272;122188050034159959246272040008246272;Poá;LAUANE RODRIGUES DO Ó ENGESERV;03/08/2026 09:4413902614;08/09/2026 09:00;35815485;9256614;40008256614;"Favor agendar medidor 13902614
40008256614
Instalação 35815485
TOI 9256614
PGBGU90";Guarulhos;LAUANE RODRIGUES DO Ó ENGESERV;03/08/2026 11:3111009230;08/09/2026 09:30;37683161;9257075;040008257075;;Taubaté;Ailton Jose De Sa;03/08/2026 15:2612627223;08/09/2026 09:50;150418915;9259031;40008259031;"12627223
150418915
9259031
40008259031
";Litoral;Rosemary Dos Santos Oliveira Engeserv;04/08/2026 10:547958980;08/09/2026 10:00;150022545;9259088;40008259088;"7958980
150022545
9259088
40008259088";Jacareí;Rosemary Dos Santos Oliveira Engeserv;04/08/2026 11:0812442141;08/09/2026 10:10;150241670;9259105;40008259105;"Medidor:12442141
Instalação:150241670
TOI:9259105
Nota:40008259105
Equipe:PCCAR32";Litoral;Juliene Da Costa Oliveira EXTERNO;04/08/2026 11:2812442108;08/09/2026 10:20;35788577;9258767;40008258767;;Guarulhos;Deives Brito De Almeida;04/08/2026 11:3413455447;08/09/2026 10:40;42197015;9259152;40008259152;"Boa tarde favor agendar em laboratório 
Nota 40008259152 
Toi 9259152
Instalação 42197015
Medidor 13455447 
Obg PGBGR40";Taubaté;Rosemary Dos Santos Oliveira Engeserv;04/08/2026 12:3412494262;08/09/2026 10:50;75368081;9259198;40008259198;"12494262
75368081
9259198
40008259198
";Litoral;Rosemary Dos Santos Oliveira Engeserv;04/08/2026 12:5012318846;08/09/2026 11:10;43644872;9260672;40008260672;"12318846
43644872
9260672
40008260672
";Taubaté;Rosemary Dos Santos Oliveira Engeserv;05/08/2026 10:0114677825;08/09/2026 11:30;37303040;9259055;40008259055;PGBGU40;Suzano;Glaucia Maira Dos Santos Silva ENGESERV;05/08/2026 13:5510424117;08/09/2026 13:30;39429385;9261420;40008261420;;Taubaté;Mariane Fernanda Da Silva Motta ENGESERV;05/08/2026 15:4816334075;08/09/2026 14:00;150339655;9261024;40008261024;"Favor agendar medidor 16334075
40008261024
Instalação 150339655
Toi 9261024
Pgbgu40";Poá;Rosemary Dos Santos Oliveira Engeserv;06/08/2026 10:5711165236;08/09/2026 14:10;150655447;9262672;40008262672;"Bom dia favor agendar em laboratório 
Nota 40008262672 
Toi 9262672 
Instalação 150655447
Medidor 11165236 leitura 61569 
PGBGR40 obg";Taubaté;Rosemary Dos Santos Oliveira Engeserv;06/08/2026 11:1314962246;08/09/2026 14:30;93884605;9262993;40008262993;"14962246
93884605
9262993
40008262993
";Mogi das Cruzes;Rosemary Dos Santos Oliveira Engeserv;06/08/2026 14:1315273981;08/09/2026 14:40;151160083;9259324;40008259324;Borne derretido avariou o medidor,  consumo elevou muito.;Taubaté;Geovane Morais De Souza;06/08/2026 14:5914084019;08/09/2026 15:00;150792213;9263435;40008263435;"Boa tarde favor agendar em laboratório 
Nota 40008263435 
Toi 9263435
Instalação 150792213
Medidor 14084019 
PGBGR40 obg";Guaratinguetá;Rosemary Dos Santos Oliveira Engeserv;06/08/2026 15:5712060674;08/09/2026 15:10;94353751;9262860;40008262860;;Taubaté;Francisco Neylon Melo Salvador;07/08/2026 11:0310040861;14/09/2026 08:30;36108618;9266135;40008266135;"10040861
36108618
9266135
40008266135
";Guarulhos;Rosemary Dos Santos Oliveira Engeserv;10/08/2026 10:5419300646;14/09/2026 08:40;36186490;9266435;040008266435;"19300646
36186490
9266435
040008266435";Poá;Rosemary Dos Santos Oliveira Engeserv;10/08/2026 12:4212040373;14/09/2026 08:50;94230692;94230692;40008266489;"Boa tarde favor agendar em laboratório 
Nota 40008266489
Toi 94230692
Instalação 94230692
Medidor 12040373 leitura 47913 
Obg PGBGR40";Taubaté;Rosemary Dos Santos Oliveira Engeserv;10/08/2026 12:5613006889;14/09/2026 09:30;34989625;9267662;40008267662;"Favor abri agendamento 
Ns 40008267662
Instalação 34989625
Medidor 13006889
Cód. 219
itaquaquecetuba";Poá;Mariane Fernanda Da Silva Motta ENGESERV;12/08/2026 11:0812019237;14/09/2026 09:40;41446381;9269741;40008269741;"Boa tarde favor agendar em laboratório 
Nota 40008269741 
Toi 9269741 
Instalação 41446381 
Medidor 12019237  leitura 77939 PGBGR40 obg";Taubaté;Rosemary Dos Santos Oliveira Engeserv;12/08/2026 12:1814009995;14/09/2026 09:50;37818791;9269659;40008269659;"Ns 40008269659
TOI 9269659
Instalação 37818791
Medidor 14009995
Cód 210";Mogi das Cruzes;Mariane Fernanda Da Silva Motta ENGESERV;12/08/2026 13:0414024112;14/09/2026 10:00;150719743;9269902;40008269902;;Taubaté;Yasmin Lima Dos Santos ENGESERV;12/08/2026 14:4013009027;14/09/2026 10:10;150087841;9270174;40008270174;Cód 219;Mogi das Cruzes;Klebson Sinezio Da Silva;12/08/2026 17:3210202680;14/09/2026 10:20;39412857;9270489;40008270489;"10202680
39412857
9270489
40008270489";Taubaté;Rosemary Dos Santos Oliveira Engeserv;13/08/2026 08:1812616974;14/09/2026 10:30;150296165;92706888;40008270688;"12616974
150296165
92706888
40008270688
";Taubaté;Rosemary Dos Santos Oliveira Engeserv;13/08/2026 09:5713009104;14/09/2026 10:40;89221311;9270845;40008270845;"Bom dia favor fazer agendamento 
Ns 40008270845
TOI 9270845
Instalação 89221311
Medidor 13009104
Cód 219";Mogi das Cruzes;Rosemary Dos Santos Oliveira Engeserv;13/08/2026 11:2013000194;17/09/2026 08:30;74169882;9271479;40008271494;"Favor fazer agendamento 
Ns 40008271494
TOI 9271479
Instalação 74169882
Medidor 13000194
Cod 219";Mogi das Cruzes;Rosemary Dos Santos Oliveira Engeserv;13/08/2026 12:4113611184;17/09/2026 08:40;36392511;9270018;40008270018;Medidor Apolo 6031 com histórico de avarias;Mogi das Cruzes;William Nobre Da Silva;13/08/2026 15:1312556040;17/09/2026 08:50;37106341;9272903;40008272903;"Favor fazer agendamento 
Med 12556040
Toi 9272903
Inst 37106341
Nt 40008272903
PGBSJC45";Litoral;Rosemary Dos Santos Oliveira Engeserv;14/08/2026 10:2412534821;17/09/2026 09:00;40919064;9272904;40008272904;"Bom dia favor agendar em laboratório 
Nota 40008272904
Toi 9272904
Instalação 40919064
Medidor 12534821 
PGBGR40 obg";Taubaté;Rosemary Dos Santos Oliveira Engeserv;14/08/2026 10:3715236691;17/09/2026 09:10;94139288;9263138;40008263138;"15236691
94139288
9263138
40008263138";Mogi das Cruzes;Rosemary Dos Santos Oliveira Engeserv;14/08/2026 11:4617321814;17/09/2026 09:20;20291841;9245161;40008245161;"17321814
20291841
9245161
40008245161";Mogi das Cruzes;Rosemary Dos Santos Oliveira Engeserv;14/08/2026 14:1913618349;17/09/2026 09:30;34974911;9270056;40008270056;"Favor agendar med 13618349
Nota 40008270056
Toi 9270056
Inst 34974911";Mogi das Cruzes;Rosemary Dos Santos Oliveira Engeserv;14/08/2026 14:4213437424;17/09/2026 09:40;37106325;9272882;40008272882;"Favor fazer agendamento 
Nt 40008272882
Inst 37106325
Med 13437424
Toi 9272882";Litoral;Rosemary Dos Santos Oliveira Engeserv;14/08/2026 14:4314254478;17/09/2026 09:50;40442748;9272616;40008272616;Enviar ao Ipem.;Taubaté;Geovane Morais De Souza;14/08/2026 15:1713009094;21/09/2026 08:30;150013201;9275694;40008275694;"Favor agendar med 13009094
Toi 9275694
Nota 40008275694
Inst 150013201
Pgbmc46";Mogi das Cruzes;Rosemary Dos Santos Oliveira Engeserv;18/08/2026 10:4012208039;21/09/2026 08:40;93792875;9218913;40008218913;;Mogi das Cruzes;Jose Francisco Gomes Junior;18/08/2026 11:1812511155;21/09/2026 08:50;77515757;9275860;40008275860;"Favor fazer agendamento 
Med 12511155
Toi 9275860
Inst 77515757
Nt 40008275860
PGBSJC45";Taubaté;Rosemary Dos Santos Oliveira Engeserv;18/08/2026 11:3410130783;21/09/2026 09:00;81730749;9275941;40008275941;"10130783
81730749
9275941
40008275941
";Litoral;Rosemary Dos Santos Oliveira Engeserv;18/08/2026 12:2410229975;21/09/2026 09:10;93997621;9276017;40008276017;"Boa tarde favor agendar em laboratório 
40008276017
Toi 9276017
Instalação 93997621
Medidor 10229975 leitura 37778 
PGBGR40 ";Taubaté;Rosemary Dos Santos Oliveira Engeserv;18/08/2026 12:5013011379;21/09/2026 09:20;74386263;925922;40008275922;"13011379
74386263
925922
40008275922
";Mogi das Cruzes;Rosemary Dos Santos Oliveira Engeserv;18/08/2026 14:4612183638;21/09/2026 09:30;150090806;9276235;40008276235;"12183638
150090806
9276235
40008276235";Taubaté;Rosemary Dos Santos Oliveira Engeserv;18/08/2026 15:0717614498;21/09/2026 09:40;151416375;9275680;40008275680;"Precisamis de um agendamento para o medidor 17614498
40008275680
Toi 9275680
Instalação 151416375
Pgbgu40";Guarulhos;Rosemary Dos Santos Oliveira Engeserv;19/08/2026 10:2017624882;21/09/2026 09:50;77510054;9177648;40008277648;"17624882
77510054
9177648
40008277648";Litoral;Rosemary Dos Santos Oliveira Engeserv;19/08/2026 11:32
